# epoch_ms,event_ts_ns,AX,AY,AZ,GX,GY,GZ,label,sessionID
1776114344123,1504529474164677,2.0350714,-9.981427,0.50996494,NaN,NaN,NaN,JERKING,d7abd10454c3
1776114344131,1504529482253617,2.0590134,-10.038888,0.49320555,0.09285152,-0.05681047,0.061086524,JERKING,d7abd10454c3
1776114344139,1504529490250173,2.1068976,-10.089166,0.45489833,0.09285152,-0.05681047,0.061086524,JERKING,d7abd10454c3
1776114344147,1504529498243730,2.1212628,-10.117896,0.4165911,0.09285152,-0.05681047,0.061086524,JERKING,d7abd10454c3
1776114344155,1504529506239747,2.1523874,-10.170568,0.40940848,0.09285152,-0.05681047,0.061086524,JERKING,d7abd10454c3
1776114344163,1504529514235765,2.147599,-10.21127,0.36631286,0.09285152,-0.05681047,0.061086524,JERKING,d7abd10454c3
1776114344171,1504529522231860,2.1571758,-10.242394,0.32321724,0.09285152,-0.05681047,0.061086524,JERKING,d7abd10454c3
1776114344179,1504529530228185,2.1404164,-10.263943,0.29209262,0.09285152,-0.05681047,0.061086524,JERKING,d7abd10454c3
1776114344187,1504529538252203,2.078167,-10.223241,0.25857377,0.09285152,-0.05681047,0.061086524,JERKING,d7abd10454c3
1776114344195,1504529546247913,2.0111294,-10.199299,0.24660277,0.09285152,-0.05681047,0.061086524,JERKING,d7abd10454c3
1776114344203,1504529554243853,1.9153614,-10.151415,0.23942018,0.09285152,-0.05681047,0.061086524,JERKING,d7abd10454c3
1776114344211,1504529562239948,1.8363527,-10.103531,0.25139117,0.09285152,-0.05681047,0.061086524,JERKING,d7abd10454c3
1776114344219,1504529570236889,1.7310078,-10.086772,0.25857377,0.09285152,-0.05681047,0.061086524,JERKING,d7abd10454c3
1776114344227,1504529578230983,1.6400281,-10.022128,0.28491,0.09285152,-0.05681047,0.061086524,JERKING,d7abd10454c3
1776114344235,1504529586256924,1.553837,-9.986216,0.3184288,0.09285152,-0.05681047,0.061086524,JERKING,d7abd10454c3
1776114344243,1504529594253172,1.520318,-9.993398,0.37588966,0.09285152,-0.05681047,0.061086524,JERKING,d7abd10454c3
1776114344251,1504529602249498,1.460463,-9.97185,0.3854665,0.09285152,-0.05681047,0.061086524,JERKING,d7abd10454c3
1776114344259,1504529610246131,1.4437037,-9.983821,0.4381389,0.028099801,0.12950343,-0.116675265,JERKING,d7abd10454c3
1776114344267,1504529618239994,1.4413095,-9.981427,0.4357447,0.02443461,0.11789699,-0.106901415,JERKING,d7abd10454c3
1776114344275,1504529626235166,1.436521,-9.976639,0.4429273,0.02565634,0.095294975,-0.09285152,JERKING,d7abd10454c3
1776114344283,1504529634230876,1.4197617,-9.986216,0.4261679,0.025045475,0.06291912,-0.07696902,JERKING,d7abd10454c3
1776114344291,1504529642256355,1.4293385,-9.988609,0.41180268,0.021991149,0.007941248,-0.055588737,JERKING,d7abd10454c3
1776114344299,1504529650253911,1.42455,-10.012551,0.39743748,0.017104227,-0.03481932,-0.039095376,JERKING,d7abd10454c3
1776114344307,1504529658248699,1.4317327,-10.007763,0.40462008,0.004886922,-0.07880162,-0.025045475,JERKING,d7abd10454c3
1776114344315,1504529666212100,1.4389153,-10.007763,0.40222588,-0.009162978,-0.111177474,-0.010995574,JERKING,d7abd10454c3
1776114344323,1504529674240118,1.4508862,-9.993398,0.4309563,-0.032986723,-0.1301143,0.004276057,JERKING,d7abd10454c3
1776114344331,1504529682234906,1.4676456,-9.962274,0.49799395,-0.05131268,-0.12889257,0.015271631,JERKING,d7abd10454c3
1776114344339,1504529690229692,1.4652514,-9.938332,0.5482722,-0.069027774,-0.11911872,0.02565634,JERKING,d7abd10454c3
1776114344347,1504529698257402,1.4915876,-9.91439,0.62249243,-0.08552113,-0.10140363,0.03604105,JERKING,d7abd10454c3
1776114344355,1504529706277420,1.5370775,-9.89763,0.6919243,-0.09896017,-0.08307768,0.045814894,JERKING,d7abd10454c3
1776114344363,1504529714247283,1.5753847,-9.902418,0.7661445,-0.108123146,-0.06536258,0.058643065,JERKING,d7abd10454c3
1776114344371,1504529722243301,1.6280571,-9.909601,0.81881696,-0.111177474,-0.059864793,0.06719518,JERKING,d7abd10454c3
1776114344379,1504529730239704,1.661576,-9.883265,0.8690952,-0.11056661,-0.05497787,0.07391469,JERKING,d7abd10454c3
1776114344387,1504529738233875,1.7405846,-9.885659,0.9552865,-0.105068825,-0.05497787,0.08002335,JERKING,d7abd10454c3
1776114344395,1504529746231431,1.8124107,-9.892841,0.9935937,-0.092240654,-0.061086524,0.086132,JERKING,d7abd10454c3
1776114344403,1504529754187756,1.8722657,-9.873688,1.0127473,-0.07696902,-0.07147124,0.08857546,JERKING,d7abd10454c3
1776114344411,1504529762223466,1.958457,-9.880871,1.0007763,-0.062308256,-0.08368854,0.08552113,JERKING,d7abd10454c3
1776114344419,1504529770248638,2.0111294,-9.861717,1.0055647,-0.04886922,-0.105068825,0.08368854,JERKING,d7abd10454c3
1776114344427,1504529778244424,2.0685902,-9.849746,1.0007763,-0.03481932,-0.124005646,0.073303826,JERKING,d7abd10454c3
1776114344435,1504529786264058,2.087744,-9.849746,0.9864111,-0.016493361,-0.14782938,0.061086524,JERKING,d7abd10454c3
1776114344443,1504529794235230,2.087744,-9.859323,0.9552865,-0.002443461,-0.16310102,0.045814894,JERKING,d7abd10454c3
1776114344451,1504529802230631,2.078167,-9.876082,0.91697925,0.007330383,-0.1685988,0.032986723,JERKING,d7abd10454c3
1776114344459,1504529810281419,2.0326772,-9.873688,0.89782566,0.018936822,-0.16187929,0.020158553,JERKING,d7abd10454c3
1776114344467,1504529818221744,2.0278888,-9.902418,0.8595184,0.028710667,-0.1337795,0.0012217305,JERKING,d7abd10454c3
1776114344475,1504529826248454,1.9800048,-9.89763,0.830788,0.03604105,-0.10629055,-0.007941248,JERKING,d7abd10454c3
1776114344483,1504529834243318,1.9297266,-9.907207,0.79487497,0.0421497,-0.07696902,-0.019547688,JERKING,d7abd10454c3
1776114344491,1504529842237720,1.9009962,-9.952697,0.7565677,0.04886922,-0.05131268,-0.02443461,JERKING,d7abd10454c3
1776114344499,1504529850234968,1.8483237,-9.94312,0.7254431,0.052534413,-0.029321533,-0.032986723,JERKING,d7abd10454c3
1776114344507,1504529858229448,1.7764976,-9.919178,0.6919243,0.058643065,-0.007330383,-0.039095376,JERKING,d7abd10454c3
1776114344515,1504529866255697,1.7357962,-9.947908,0.6727707,0.062308256,-0.0018325958,-0.04520403,JERKING,d7abd10454c3
1776114344523,1504529874252944,1.6807296,-9.911995,0.6536171,0.06658431,0.004276057,-0.042760566,JERKING,d7abd10454c3
1776114344531,1504529882272578,1.6448165,-9.928755,0.60573304,0.06841691,0.002443461,-0.04337143,JERKING,d7abd10454c3
1776114344539,1504529890244673,1.6376339,-9.938332,0.5770026,0.065973446,-0.0067195175,-0.039095376,JERKING,d7abd10454c3
1776114344547,1504529898238151,1.6112977,-9.957485,0.5506664,0.062308256,-0.020158553,-0.037873644,JERKING,d7abd10454c3
1776114344555,1504529906198477,1.5753847,-9.959879,0.5291186,0.053145275,-0.034208454,-0.039095376,JERKING,d7abd10454c3
1776114344563,1504529914229648,1.541866,-10.000581,0.5386954,0.04520403,-0.05009095,-0.03848451,JERKING,d7abd10454c3
1776114344571,1504529922255127,1.5107412,-10.010158,0.5267244,0.037873644,-0.05375614,-0.040927973,JERKING,d7abd10454c3
1776114344579,1504529930276761,1.4796166,-10.029311,0.5243302,0.02443461,-0.0580322,-0.04153884,JERKING,d7abd10454c3
1776114344587,1504529938247162,1.4867992,-10.0748005,0.50757074,0.017715093,-0.051923547,-0.04153884,JERKING,d7abd10454c3
1776114344595,1504529946242257,1.4796166,-10.089166,0.48602295,0.0067195175,-0.039095376,-0.04153884,JERKING,d7abd10454c3
1776114344603,1504529954239506,1.496376,-10.113108,0.48123455,-0.0061086523,-0.02443461,-0.042760566,JERKING,d7abd10454c3
1776114344611,1504529962236215,1.4796166,-10.129868,0.46926352,-0.016493361,-0.004886922,-0.047036625,JERKING,d7abd10454c3
1776114344619,1504529970260772,1.460463,-10.110714,0.46447513,-0.030543262,0.023823744,-0.050701816,JERKING,d7abd10454c3
1776114344627,1504529978255867,1.4389153,-10.084377,0.46686932,-0.0421497,0.045814894,-0.054367006,JERKING,d7abd10454c3
1776114344635,1504529986342423,1.4293385,-10.055647,0.49081135,-0.054367006,0.06780604,-0.056199603,JERKING,d7abd10454c3
1776114344643,1504529994247363,1.4437037,-10.029311,0.49559975,-0.06536258,0.0842994,-0.05375614,JERKING,d7abd10454c3
1776114344651,1504530002245228,1.460463,-9.986216,0.5243302,-0.07880162,0.099571034,-0.051923547,JERKING,d7abd10454c3
1776114344659,1504530010294091,1.4460979,-9.950302,0.5386954,-0.09040806,0.10262536,-0.04886922,JERKING,d7abd10454c3
1776114344667,1504530018235955,1.4867992,-9.902418,0.61052144,-0.1020145,0.100792766,-0.043982297,JERKING,d7abd10454c3
1776114344675,1504530026230742,1.5107412,-9.876082,0.641646,-0.10751228,0.100792766,-0.03726278,JERKING,d7abd10454c3
1776114344683,1504530034256682,1.5634137,-9.864111,0.6536171,-0.112399206,0.09407325,-0.03176499,JERKING,d7abd10454c3
1776114344691,1504530042250777,1.6065093,-9.878476,0.7110779,-0.118507855,0.081855945,-0.026267206,JERKING,d7abd10454c3
1776114344699,1504530050247180,1.6639702,-9.878476,0.7589619,-0.11789699,0.07452556,-0.02321288,JERKING,d7abd10454c3
1776114344707,1504530058242812,1.7118542,-9.895236,0.78050977,-0.116675265,0.06841691,-0.021380283,JERKING,d7abd10454c3
1776114344715,1504530066237907,1.7381904,-9.921572,0.78290397,-0.11178834,0.058643065,-0.019547688,JERKING,d7abd10454c3
1776114344723,1504530074233078,1.8076223,-9.945514,0.80924016,-0.103847094,0.049480084,-0.017715093,JERKING,d7abd10454c3
1776114344731,1504530082259481,1.8602947,-9.988609,0.79487497,-0.09285152,0.032986723,-0.015271631,JERKING,d7abd10454c3
1776114344739,1504530090255268,1.8770541,-9.995792,0.770933,-0.08124508,0.021380283,-0.016493361,JERKING,d7abd10454c3
1776114344747,1504530098251900,1.8986019,-9.993398,0.7445967,-0.0720821,0.014049901,-0.017104227,JERKING,d7abd10454c3
1776114344755,1504530106302611,1.9416976,-9.94312,0.7062895,-0.06291912,0.012217305,-0.015882496,JERKING,d7abd10454c3
1776114344763,1504530114243936,1.9608512,-9.904813,0.6775591,-0.052534413,0.022602014,-0.017715093,JERKING,d7abd10454c3
1776114344771,1504530122238415,1.9847932,-9.866506,0.62488663,-0.045814894,0.037873644,-0.018325957,JERKING,d7abd10454c3
1776114344779,1504530130289510,2.0111294,-9.837775,0.58657944,-0.042760566,0.056199603,-0.021380283,JERKING,d7abd10454c3
1776114344787,1504530138262451,1.9895816,-9.825804,0.5626374,-0.0421497,0.076358154,-0.028099801,JERKING,d7abd10454c3
1776114344795,1504530146256545,1.958457,-9.818622,0.5650316,-0.04153884,0.096516706,-0.032986723,JERKING,d7abd10454c3
1776114344803,1504530154250794,1.958457,-9.825804,0.545878,-0.04886922,0.11301007,-0.03848451,JERKING,d7abd10454c3
1776114344811,1504530162308350,1.9201498,-9.842564,0.56982,-0.05131268,0.12339478,-0.03848451,JERKING,d7abd10454c3
1776114344819,1504530170243367,1.9057846,-9.873688,0.5626374,-0.05009095,0.1337795,-0.03726278,JERKING,d7abd10454c3
1776114344827,1504530178237539,1.8986019,-9.885659,0.5674258,-0.048258353,0.13683382,-0.032986723,JERKING,d7abd10454c3
1776114344835,1504530186234480,1.9057846,-9.880871,0.5482722,-0.042760566,0.12705997,-0.027488936,JERKING,d7abd10454c3
1776114344843,1504530194230266,1.9057846,-9.871294,0.5554548,-0.03848451,0.11301007,-0.021380283,JERKING,d7abd10454c3
1776114344851,1504530202256361,1.8890251,-9.864111,0.5267244,-0.03604105,0.093462385,-0.015882496,JERKING,d7abd10454c3
1776114344859,1504530210252379,1.8986019,-9.878476,0.521936,-0.032375857,0.06963864,-0.009162978,JERKING,d7abd10454c3
1776114344867,1504530218247473,1.8794483,-9.900024,0.48123455,-0.030543262,0.048258353,-0.004276057,JERKING,d7abd10454c3
1776114344875,1504530226242953,1.8794483,-9.902418,0.47165772,-0.030543262,0.018936822,0.0030543262,JERKING,d7abd10454c3
1776114344883,1504530234238355,1.8794483,-9.883265,0.45010993,-0.029932396,0.0018325958,0.01160644,JERKING,d7abd10454c3
1776114344891,1504530242233450,1.9081788,-9.861717,0.4429273,-0.032986723,-0.01038471,0.020158553,JERKING,d7abd10454c3
1776114344899,1504530250260544,1.9512744,-9.837775,0.45250413,-0.037873644,-0.02443461,0.02687807,JERKING,d7abd10454c3
1776114344907,1504530258254408,1.958457,-9.792285,0.46208093,-0.043982297,-0.03481932,0.032375857,JERKING,d7abd10454c3
1776114344915,1504530266250656,1.9488802,-9.763555,0.49799395,-0.047647487,-0.0421497,0.036651913,JERKING,d7abd10454c3
1776114344923,1504530274246059,1.946486,-9.689334,0.5650316,-0.05131268,-0.047036625,0.03970624,JERKING,d7abd10454c3
1776114344931,1504530282241768,1.9201498,-9.64145,0.62728083,-0.053145275,-0.048258353,0.039095376,JERKING,d7abd10454c3
1776114344939,1504530290239940,1.9153614,-9.651027,0.7038953,-0.053145275,-0.049480084,0.04153884,JERKING,d7abd10454c3
1776114344947,1504530298232651,1.9033904,-9.682152,0.7733272,-0.047647487,-0.05497787,0.04337143,JERKING,d7abd10454c3
1776114344955,1504530306258745,1.8722657,-9.727641,0.8643068,-0.040317107,-0.059864793,0.042760566,JERKING,d7abd10454c3
1776114344963,1504530314257609,1.8507179,-9.797073,0.93134445,-0.02565634,-0.06658431,0.04153884,JERKING,d7abd10454c3
1776114344971,1504530322249934,1.8028339,-9.85214,0.9959879,-0.0061086523,-0.07452556,0.03726278,JERKING,d7abd10454c3
1776114344979,1504530330247798,1.721431,-9.923966,1.0103531,0.018936822,-0.076358154,0.03604105,JERKING,d7abd10454c3
1776114344987,1504530338241662,1.6543933,-9.976639,0.9888053,0.052534413,-0.07391469,0.03176499,JERKING,d7abd10454c3
1776114344995,1504530346237680,1.5801731,-10.058042,0.93373865,0.077579886,-0.06841691,0.031154128,JERKING,d7abd10454c3
1776114345003,1504530354233004,1.5586253,-10.105926,0.866701,0.09773844,-0.061086524,0.030543262,JERKING,d7abd10454c3
1776114345011,1504530362258638,1.5107412,-10.196905,0.78290397,0.11484267,-0.047647487,0.029932396,JERKING,d7abd10454c3
1776114345019,1504530370255810,1.4796166,-10.21127,0.7062895,0.12767084,-0.014660766,0.027488936,JERKING,d7abd10454c3
1776114345027,1504530378250365,1.4101849,-10.213664,0.60094464,0.13683382,0.01282817,0.023823744,JERKING,d7abd10454c3
1776114345035,1504530386245999,1.3814543,-10.204087,0.51475334,0.13805555,0.044593163,0.020158553,JERKING,d7abd10454c3
1776114345043,1504530394242632,1.352724,-10.220847,0.41180268,0.1337795,0.076358154,0.02076942,JERKING,d7abd10454c3
1776114345051,1504530402237418,1.3623008,-10.216059,0.28491,0.12461651,0.108123146,0.02443461,JERKING,d7abd10454c3
1776114345059,1504530410234359,1.4221559,-10.187328,0.20590134,0.09773844,0.14538592,0.034208454,JERKING,d7abd10454c3
1776114345067,1504530418258762,1.5035586,-10.184934,0.15562311,0.07086037,0.17104226,0.037873644,JERKING,d7abd10454c3
1776114345075,1504530426255625,1.5586253,-10.13705,0.11252748,0.03970624,0.1966986,0.03848451,JERKING,d7abd10454c3
1776114345083,1504530434252874,1.6256629,-10.070012,0.11731588,0.0061086523,0.22174409,0.032375857,JERKING,d7abd10454c3
1776114345091,1504530442245276,1.6950948,-10.029311,0.1436521,-0.039095376,0.2406809,0.021380283,JERKING,d7abd10454c3
1776114345099,1504530450243371,1.7286136,-9.991004,0.16519992,-0.07147124,0.24373524,0.007941248,JERKING,d7abd10454c3
1776114345107,1504530458237312,1.7717092,-9.967062,0.20350714,-0.1001819,0.24190263,-0.008552114,JERKING,d7abd10454c3
1776114345115,1504530466232329,1.7357962,-9.964667,0.24420857,-0.1282817,0.23090707,-0.027488936,JERKING,d7abd10454c3
1776114345123,1504530474260116,1.7070658,-9.964667,0.31603462,-0.15454891,0.22174409,-0.049480084,JERKING,d7abd10454c3
1776114345131,1504530482255134,1.6519991,-9.957485,0.36870706,-0.18692477,0.2180789,-0.073303826,JERKING,d7abd10454c3
1776114345139,1504530490221920,1.5658079,-9.9550905,0.45010993,-0.20769419,0.226631,-0.08979719,JERKING,d7abd10454c3
1776114345147,1504530498247246,1.5059528,-9.919178,0.5291186,-0.22479841,0.24740042,-0.10140363,JERKING,d7abd10454c3
1776114345155,1504530506302033,1.4173675,-9.89763,0.61530983,-0.23701571,0.27672195,-0.11362094,JERKING,d7abd10454c3
1776114345163,1504530514237050,1.3383588,-9.888053,0.6967127,-0.24556783,0.31948254,-0.12156218,JERKING,d7abd10454c3
1776114345171,1504530522245453,1.2617443,-9.921572,0.7613561,-0.24373524,0.3481932,-0.12339478,JERKING,d7abd10454c3
1776114345179,1504530530261779,1.1994951,-9.957485,0.8379706,-0.23640485,0.36835176,-0.116675265,JERKING,d7abd10454c3
1776114345187,1504530538255642,1.1707647,-10.014946,0.8810662,-0.22296582,0.38362336,-0.103847094,JERKING,d7abd10454c3
1776114345195,1504530546249429,1.1971009,-10.0508585,0.92895025,-0.20525073,0.38728857,-0.084910266,JERKING,d7abd10454c3
1776114345203,1504530554246447,1.2066777,-10.048465,0.9576807,-0.17165314,0.37873647,-0.048258353,JERKING,d7abd10454c3
1776114345211,1504530562241233,1.3431472,-9.969456,0.94810385,-0.14172074,0.3555236,-0.020158553,JERKING,d7abd10454c3
1776114351243,1504536594354172,1.970428,-9.830592,0.44532153,-0.10629055,0.31948254,0.009162978,JERKING,d7abd10454c3
1776114351251,1504536602349652,1.9967642,-9.813833,0.48362875,-0.09101892,0.048258353,-0.0018325958,JERKING,d7abd10454c3
1776114351259,1504536610375822,2.0350714,-9.842564,0.50996494,-0.09101892,0.042760566,-6.1086525E-4,JERKING,d7abd10454c3
1776114351267,1504536618254533,2.0590134,-9.837775,0.5386954,-0.086132,0.03970624,-0.002443461,JERKING,d7abd10454c3
1776114351275,1504536626249627,2.0590134,-9.854534,0.5793968,-0.08307768,0.03726278,-0.0036651916,JERKING,d7abd10454c3
1776114351283,1504536634246645,2.0470424,-9.849746,0.60573304,-0.077579886,0.034208454,-0.009162978,JERKING,d7abd10454c3
1776114351291,1504536642362970,2.0326772,-9.856929,0.61770403,-0.064751714,0.035430185,-0.017715093,JERKING,d7abd10454c3
1776114351299,1504536650269372,2.0015526,-9.885659,0.6488287,-0.05497787,0.03848451,-0.022602014,JERKING,d7abd10454c3
1776114351307,1504536658262698,1.9656396,-9.902418,0.6488287,-0.042760566,0.0421497,-0.02687807,JERKING,d7abd10454c3
1776114351315,1504536666258947,1.9416976,-9.902418,0.6560113,-0.032375857,0.052534413,-0.029321533,JERKING,d7abd10454c3
1776114351323,1504536674112502,1.910573,-9.916783,0.62009823,-0.018936822,0.058643065,-0.031154128,JERKING,d7abd10454c3
1776114351331,1504536682249751,1.8866309,-9.919178,0.62249243,-0.004276057,0.06841691,-0.031154128,JERKING,d7abd10454c3
1776114351339,1504536690247999,1.8650831,-9.911995,0.60812724,0.0067195175,0.06963864,-0.029932396,JERKING,d7abd10454c3
1776114351347,1504536698271094,1.8650831,-9.892841,0.557849,0.020158553,0.07452556,-0.028710667,JERKING,d7abd10454c3
1776114351355,1504536706267112,1.8722657,-9.892841,0.51475334,0.032375857,0.07452556,-0.02443461,JERKING,d7abd10454c3
1776114351363,1504536714265513,1.8435353,-9.911995,0.45489833,0.0421497,0.07574729,-0.017715093,JERKING,d7abd10454c3
1776114351371,1504536722257916,1.8531121,-9.907207,0.4165911,0.048258353,0.07391469,-0.013439035,JERKING,d7abd10454c3
1776114351379,1504536730340703,1.8746599,-9.911995,0.36870706,0.048258353,0.077579886,-0.009773844,JERKING,d7abd10454c3
1776114351387,1504536738219720,1.8794483,-9.919178,0.34237084,0.047036625,0.077579886,-0.004886922,JERKING,d7abd10454c3
1776114351395,1504536746362507,1.8962077,-9.911995,0.32321724,0.043982297,0.076358154,-0.0018325958,JERKING,d7abd10454c3
1776114351403,1504536754240756,1.9153614,-9.909601,0.31364042,0.040927973,0.070249505,0.004276057,JERKING,d7abd10454c3
1776114351411,1504536762231542,1.9632454,-9.900024,0.29209262,0.037873644,0.05497787,0.008552114,JERKING,d7abd10454c3
1776114351419,1504536770234022,1.9967642,-9.878476,0.2705448,0.03604105,0.029321533,0.014049901,JERKING,d7abd10454c3
1776114351427,1504536778259886,2.0350714,-9.864111,0.260968,0.032986723,0.0018325958,0.017715093,JERKING,d7abd10454c3
1776114351435,1504536786254595,2.0829554,-9.847352,0.25139117,0.023823744,-0.039095376,0.02321288,JERKING,d7abd10454c3
1776114351443,1504536794250383,2.1212628,-9.854534,0.22505496,0.016493361,-0.065973446,0.026267206,JERKING,d7abd10454c3
1776114351451,1504536802245093,2.2026656,-9.835381,0.22984336,0.009773844,-0.087964594,0.028710667,JERKING,d7abd10454c3
1776114351459,1504536810274033,2.2409728,-9.835381,0.22744916,-6.1086525E-4,-0.10323623,0.026267206,JERKING,d7abd10454c3
1776114351467,1504536818267897,2.2601264,-9.85214,0.21547815,-0.012217305,-0.118507855,0.021991149,JERKING,d7abd10454c3
1776114351475,1504536826262992,2.2768857,-9.861717,0.22744916,-0.028099801,-0.12156218,0.012217305,JERKING,d7abd10454c3
1776114351483,1504536834259702,2.2936451,-9.878476,0.2681506,-0.040317107,-0.119729586,0.0036651916,JERKING,d7abd10454c3
1776114386379,1504571730128665,2.1547816,-9.880871,0.30406362,-0.052534413,-0.10995574,-0.0030543262,JERKING,d7abd10454c3
1776114386387,1504571738124270,2.1284454,-9.82341,0.320823,0.017104227,-0.014660766,-0.004276057,JERKING,d7abd10454c3
1776114386395,1504571746089491,2.1523874,-9.821015,0.31603462,0.007941248,-0.029321533,-0.0012217305,JERKING,d7abd10454c3
1776114386403,1504571754146097,2.1787236,-9.837775,0.33039984,0.004276057,-0.032375857,0.0018325958,JERKING,d7abd10454c3
1776114386411,1504571762086394,2.1763294,-9.856929,0.35673606,0.0012217305,-0.03359759,0.002443461,JERKING,d7abd10454c3
1776114386419,1504571770022384,2.1787236,-9.868899,0.39025488,-0.002443461,-0.027488936,0.002443461,JERKING,d7abd10454c3
1776114386427,1504571778016605,2.2290018,-9.873688,0.39264908,0.005497787,-0.010995574,0.005497787,JERKING,d7abd10454c3
1776114386434,1504571785936657,2.267309,-9.885659,0.36870706,0.019547688,0.009773844,0.004886922,JERKING,d7abd10454c3
1776114386442,1504571793931798,2.2768857,-9.864111,0.29927522,0.03176499,0.021380283,0.0036651916,JERKING,d7abd10454c3
1776114386450,1504571801926246,2.2385786,-9.844957,0.2681506,0.03176499,0.01282817,-0.0036651916,JERKING,d7abd10454c3
1776114386458,1504571809954848,2.147599,-9.816227,0.25139117,0.023823744,-0.0061086523,-0.01038471,JERKING,d7abd10454c3
1776114386466,1504571817948296,2.1212628,-9.8042555,0.25139117,0.01282817,-0.017104227,-0.01160644,JERKING,d7abd10454c3
1776114386474,1504571825944589,2.0973208,-9.8042555,0.2896984,0.0012217305,-0.019547688,-0.009162978,JERKING,d7abd10454c3
1776114386482,1504571833940038,2.111686,-9.82341,0.32800564,-0.007941248,-0.015271631,-0.005497787,JERKING,d7abd10454c3
# SUMMARY,duration_ms=42412,accN=182,gyroN=182,accAvg=(1.7937043394361223,-9.941606909364134,0.540826484151594),gyroAvg=(-0.0176613895049201,0.02473668628218737,-0.002913357334973925)
